EXP_no,Treatment1,Treatment2,Sample_Name,Experiment_Day,O2,DIC,DI_13C,ALK,temp_out,pressure_out,pH_out,H_out,fCO2_out,pCO2_out,HCO3,CO3,CO2,B_Alk,OH-out,P_Alk,Si_Alk,Revelle_out,ar_omega,dry_CO2,ER_pH_out,ER_H_out,ER_fCO2_out,ER_pCO2_out,ER_HCO3,ER_CO3,ER_CO2,ER_B_Alk,ER_OH-out,ER_P_Alk,ER_Si_Alk,ER_Revelle_out,ER_ar_omega,ER_dry_CO2
EXP1,Light,Control,1-CON-D0-1,0,230.158,2047,0.64,2255.9,19,0,7.951,11.2,505.2,506.9158912,1877.3,152.9,16.8,69.7,3.2,0,0,11.466,2.37,517.9,0.02,5.18E-01,27.0535,27.1467,11.4165,5.2608,0.8992,3.0715,0.1928,0,0,0.2091,0.1341,27.7364
EXP1,Light,Control,1-CON-D0-2,0,192.493,2041,0.57,2254.6,19,0,7.961,10.9,491.6,493.272816,1868.9,155.7,16.4,71,3.2,0,0,11.337,2.41,504,0.017,4.38E-01,22.7292,22.8075,8.847,4.404,0.7547,2.7985,0.1822,0,0,0.16,0.1281,23.3029
EXP1,Light,Control,1-CON-D0-3,0,202.276,2048,0.47,2257.2,19,0,7.952,11.2,504.9,506.5961086,1878,153.1,16.8,69.7,3.2,0,0,11.462,2.37,517.6,0.018,4.75E-01,23.7455,23.8273,4.8914,5.0921,0.7886,2.8807,0.184,0,0,0.1737,0.1326,24.3449
EXP1,Light,Control,1-CON-D2-1,2,203.899,2039,0.62,2255.5,19,0,7.967,10.8,484.1,485.764953,1865.3,157.5,16.1,71.8,3.3,0,0,11.263,2.44,496.3,0.013,0.33347066,17.087,17.1458,3.363,2.9418,0.5659,2.3758,0.1646,0,0,0.0716,0.1188,17.5182
EXP1,Light,Control,1-CON-D2-2,2,241.173,2019,0.81,2259.8,19,0,8.015,9.7,426,427.4812011,1832.1,172.7,14.2,78.6,3.7,0,0,10.68,2.68,436.8,0.013,2.95E-01,14.8936,14.9449,3.3009,2.9446,0.4932,2.538,0.1827,0,0,0.0516,0.1286,15.2695
EXP1,Light,Control,1-CON-D2-3,2,210.333,2046,0.44,2257.6,19,0,7.957,11.1,498.3,500.0106782,1874.8,154.6,16.6,70.4,3.2,0,0,11.399,2.4,510.9,0.013,3.39E-01,17.4375,17.4975,3.1604,2.8762,0.5775,2.3267,0.1602,0,0,0.0719,0.1165,17.8776
EXP1,Light,Control,1-CON-D4-1,4,217.712,1996,0.96,2214.6,19,0,7.977,10.5,462.6,464.1768528,1823.1,157.5,15.4,73.2,3.4,0,0,11.085,2.44,474.3,0.014,0.352010427,17.6011,17.6618,4.5118,3.4298,0.5834,2.5237,0.1735,0,0,0.0958,0.1219,18.0454
EXP1,Light,Control,1-CON-D4-2,4,229.453,2015,0.87,2253,19,0,8.01,9.8,429.9,431.3990559,1829.9,170.7,14.3,78,3.6,0,0,10.725,2.64,440.8,0.017,0.382556601,19.5358,19.6031,8.8975,4.5144,0.6486,2.9683,0.2016,0,0,0.1382,0.1379,20.0289
EXP1,Light,Control,1-CON-D4-3,4,227.49,2023,1.02,2253,19,0,7.995,10.1,448.8,450.3054946,1842.3,165.8,15,75.7,3.5,0,0,10.916,2.57,460.1,0.032,7.52E-01,39.1917,39.3267,22.9835,9.6286,1.3048,4.8911,0.2944,0,0,0.3654,0.1886,40.1809
EXP1,Light,NaOH,1-NAOH-D0-1,0,198.786,2039,113.57,2773,19,0,8.585,2.6,94.4,94.72888904,1507.9,528,3.1,195.6,13.6,0,0,7.234,8.18,96.8,0.016,9.79E-02,4.198,4.2125,12.2699,7.2412,0.1394,5.4878,0.7372,0,0,0.0265,0.3844,4.304
EXP1,Light,NaOH,1-NAOH-D0-2,0,221.508,2034,117.17,2773.2,19,0,8.59,2.6,92.7,93.01642786,1499.3,531.6,3.1,196.9,13.8,0,0,7.223,8.23,95,0.016,9.64E-02,4.0664,4.0804,11.1702,7.5397,0.135,5.4971,0.7454,0,0,0.0257,0.3882,4.169
EXP1,Light,NaOH,1-NAOH-D0-3,0,nan,2039,115.88,nan,nan,nan,nan,nan,nan,nan,nan,nan,nan,nan,nan,nan,nan,nan,nan,nan,nan,nan,nan,nan,nan,nan,nan,nan,nan,nan,nan,nan,nan,nan
EXP1,Light,NaOH,1-NAOH-D2-1,2,220.057,2028,112.26,2729.1,19,0,8.559,2.8,101.1,101.456029,1522.3,502.4,3.4,189.2,12.8,0,0,7.266,7.78,103.7,0.016,9.89E-02,4.0997,4.1138,7.1425,6.9794,0.136,5.2518,0.6795,0,0,0.0237,0.3662,4.2032
EXP1,Light,NaOH,1-NAOH-D2-2,2,220.606,2025,105.85,2796.2,19,0,8.618,2.4,84.9,85.22177249,1466.8,555.3,2.8,204,14.7,0,0,7.187,8.6,87.1,0.015,8.28E-02,3.2602,3.2714,6.0899,5.8646,0.1081,5.3549,0.7644,0,0,0.0237,0.3973,3.3425
EXP1,Light,NaOH,1-NAOH-D2-3,2,230.279,1975,114.29,2677.9,19,0,8.572,2.7,94.8,95.17586303,1471.5,500.4,3.2,192.4,13.2,0,0,7.205,7.75,97.2,0.015,9.43E-02,3.819,3.8322,8.3471,6.1353,0.1267,5.2323,0.6941,0,0,0.0244,0.3612,3.9154
EXP1,Light,NaOH,1-NAOH-D4-1,4,246.851,2018,114.51,2758.1,19,0,8.594,2.5,90.8,91.15210093,1483.7,531.2,3,198,13.9,0,0,7.207,8.23,93.1,0.015,8.70E-02,3.4672,3.4791,5.8147,5.7278,0.1149,5.2531,0.7215,0,0,0.0231,0.3805,3.5547
EXP1,Light,NaOH,1-NAOH-D4-3,4,213.163,2022,116.09,2740.6,19,0,8.575,2.7,96.2,96.51652623,1503.6,515.2,3.2,193.3,13.3,0,0,7.235,7.98,98.6,0.015,9.07E-02,3.663,3.6756,5.693,5.6454,0.1214,5.1784,0.6899,0,0,0.0225,0.3693,3.7554
EXP5,Light,Control,5-CON-D0-1,0,277.162,2094.288785,119.7911955,2250.69,18,0,7.849,14.1,659.9,662.1603622,1950.6,121.1,22.6,55.7,2.3,0,0,13.084,1.87,675.7,0.017,5.62E-01,29.6787,29.7822,7.2287,3.6889,1.0139,2.2844,0.1343,0,0,0.1936,0.1013,30.389
EXP5,Light,Control,5-CON-D0-2,0,289.824,2088.027188,113.2195421,2252.46,18,0,7.868,13.5,628.7,630.8506102,1940.7,125.8,21.6,57.8,2.4,0,0,12.819,1.94,643.7,0.046,1.44E+00,75.835,76.0996,27.4623,11.2954,2.5989,5.4566,0.2729,0,0,0.6322,0.1949,77.65
EXP5,Light,Control,5-CON-D0-3,0,282.789,2087.497934,118.8722947,2252.36,18,0,7.869,13.5,627,629.143404,1939.9,126.1,21.5,57.9,2.4,0,0,12.805,1.95,642,0.044,1.37E+00,72.1215,72.3732,26.1216,10.7683,2.4715,5.2254,0.2627,0,0,0.6006,0.1877,73.8477
EXP5,Light,Control,5-CON-D2-1,2,nan,2095.684704,111.48239,2248.06,18,0,7.84,14.5,675.5,677.8290249,1953.8,118.7,23.2,54.6,2.2,0,0,13.215,1.83,691.6,0.034,1.12E+00,59.2743,59.4811,18.5106,7.7794,2.0305,3.8952,0.1985,0,0,0.4577,0.1455,60.693
EXP5,Light,Control,5-CON-D2-2,2,315.148,2088.10401,106.7410212,2246.61,18,0,7.855,14,649.3,651.5480712,1943.7,122.2,22.3,56.3,2.3,0,0,13,1.89,664.8,0.035,1.12E+00,58.37,58.5736,18.6,8.2894,1.9996,4.0987,0.2099,0,0,0.4663,0.1534,59.767
EXP5,Light,Control,5-CON-D2-3,2,298.265,2086.819107,120.5193801,2248.78,18,0,7.863,13.7,636.6,638.7869181,1940.7,124.3,21.8,57.2,2.4,0,0,12.891,1.92,651.8,0.034,1.06E+00,56.0776,56.2733,19.1881,8.0582,1.921,4.0458,0.2091,0,0,0.4514,0.1512,57.4198
EXP5,Light,Control,5-CON-D4-1,4,323.59,2056.59276,112.4522445,2214.43,18,0,7.857,13.9,636.5,638.7545872,1913.9,120.8,21.8,56.5,2.3,0,0,12.925,1.87,651.8,0.033,1.07E+00,55.4622,55.6557,18.5446,7.7793,1.8998,3.9663,0.2046,0,0,0.447,0.1463,56.7896
EXP5,Light,Control,5-CON-D4-2,4,310.928,2063.545943,109.8498232,2245.27,18,0,7.909,12.3,563.2,565.1971181,1908.4,135.8,19.3,62.6,2.6,0,0,12.243,2.1,576.7,0.031,8.88E-01,46.4962,46.6584,18.8584,7.9655,1.5925,4.0821,0.2197,0,0,0.3989,0.1548,47.609
EXP5,Light,Control,5-CON-D4-3,4,330.624,2050.020006,105.0643863,2223.54,18,0,7.893,12.8,581.8,583.830642,1899.8,130.3,19.9,60.7,2.5,0,0,12.435,2.01,595.7,0.033,9.63E-01,50.0392,50.2138,19.2266,8.0761,1.714,4.1343,0.2188,0,0,0.4254,0.1539,51.2369
EXP5,Light,NaOH,5-OH-D0-1,0,274.348,2090.845482,124.1676168,2777.07,18,0,8.549,2.8,107.7,108.0420825,1592.5,494.7,3.7,183.8,11.4,0,0,7.37,7.64,110.2,0.021,1.37E-01,6.6012,6.6243,22.9493,11.0982,0.2259,6.2467,0.7387,0,0,0.0453,0.3827,6.7592
EXP5,Light,NaOH,5-OH-D0-2,0,284.196,2097.592842,115.0508592,2787.97,18,0,8.551,2.8,107.3,107.7062298,1595.7,498.2,3.7,184.4,11.5,0,0,7.37,7.69,109.9,0.016,1.03E-01,4.4525,4.4681,8.5539,6.2332,0.152,5.2751,0.6466,0,0,0.0241,0.3579,4.5591
EXP5,Light,NaOH,5-OH-D0-3,0,281.382,2090.653393,114.5098243,2770.46,18,0,8.543,2.9,109.4,109.7487119,1597.1,489.8,3.7,182.5,11.3,0,0,7.382,7.56,112,0.016,1.08E-01,4.766,4.7826,10.6552,6.7368,0.1628,5.3328,0.6437,0,0,0.027,0.3545,4.88
EXP5,Light,NaOH,5-OH-D2-1,2,295.452,2081.187067,109.9314412,2759.07,18,0,8.543,2.9,108.8,109.1768002,1589.7,487.8,3.7,182.6,11.3,0,0,7.375,7.53,111.4,0.021,1.36E-01,6.5281,6.5509,22.285,10.5303,0.2234,6.1419,0.7219,0,0,0.0452,0.3746,6.6844
EXP5,Light,NaOH,5-OH-D2-2,2,291.231,2094.173775,107.0112478,2776.2,18,0,8.544,2.9,109.2,109.5528484,1598.8,491.7,3.7,182.8,11.3,0,0,7.382,7.59,111.8,0.021,1.36E-01,6.5818,6.6048,22.5783,10.6517,0.2252,6.1657,0.7251,0,0,0.0453,0.3778,6.7394
EXP5,Light,NaOH,5-OH-D2-3,2,nan,2084.066932,110.4565833,2777.47,18,0,8.556,2.8,105,105.3848689,1580.8,499.7,3.6,185.7,11.6,0,0,7.349,7.72,107.5,0.02,1.30E-01,6.2224,6.2441,21.9401,10.439,0.2129,6.147,0.739,0,0,0.042,0.3814,6.3713
EXP5,Light,NaOH,5-OH-D4-1,4,322.183,2038.274918,112.2061033,2779.6,18,0,8.607,2.5,88.8,89.15655684,1502,533.2,3,198.1,13.1,0,0,7.235,8.23,91,0.017,9.85E-02,4.2156,4.2303,13.8805,7.823,0.1441,5.7209,0.7629,0,0,0.0274,0.3882,4.3165
EXP5,Light,NaOH,5-OH-D4-2,4,312.335,2050.01051,107.3019117,2772.13,18,0,8.588,2.6,94.3,94.6560859,1527.4,519.4,3.2,193.5,12.5,0,0,7.269,8.02,96.6,0.016,9.63E-02,4.0451,4.0592,9.9908,6.6815,0.1381,5.4592,0.71,0,0,0.025,0.3739,4.1419
EXP5,Light,NaOH,5-OH-D4-3,4,332.031,2044.861601,122.4632845,2760.86,18,0,8.584,2.6,95.2,95.54191058,1527.2,514.4,3.3,192.5,12.4,0,0,7.272,7.94,97.5,0.015,9.24E-02,3.7567,3.7698,6.0301,5.7959,0.1282,5.2985,0.6884,0,0,0.0225,0.367,3.8466
EXP2,Light,Control,2-CON-D0-1,0,198.946,2077,0.22,2250.6,19,0,7.875,13.3,617.5,619.5943703,1924.9,131.5,20.6,60,2.7,0,0,12.487,2.08650291,633.1,0.015,0.468328939,24.78716356,24.87257711,6.199874328,3.292527138,0.822097223,2.22277,0.140437245,0,0,0.146823803,0.10484479,25.41281727
EXP2,Light,Control,2-CON-D0-2,0,206.11,2085,0.17,2245.9,19,0,7.846,14.3,664.8,667.1234287,1938.9,123.9,22.2,56.6,2.5,0,0,12.886,1.965914149,681.6,0.013,0.428688835,22.67871949,22.75686759,3.080417813,2.564427812,0.750770768,1.92077107,0.123412991,0,0,0.109767262,0.095021637,23.25115388
EXP2,Light,Control,2-CON-D0-3,0,205.033,2081,0.42,2247.2,19,0,7.858,13.9,644.1,646.364192,1932.5,127.1,21.5,58,2.6,0,0,12.715,2.016688364,660.4,0.013,0.425769981,22.47471947,22.55216462,3.482853594,2.676364611,0.744237557,1.985840437,0.127959949,0,0,0.11102847,0.097730256,23.04200469
EXP2,Light,Control,2-CON-D2-1,2,224.954,2068,0.58,2250.9,19,0,7.896,12.7,584.3,586.3312781,1911.5,137.1,19.5,62.5,2.8,0,0,12.199,2.175357787,599.1,0.024,0.707727194,37.33355538,37.46220226,13.84561949,6.064913369,1.24182247,3.261271319,0.190444643,0,0,0.292328756,0.133931964,38.27589302
EXP2,Light,Control,2-CON-D2-2,2,209.422,2075,0.43,2247.9,19,0,7.874,13.4,618.8,620.9324861,1923.3,131,20.6,59.8,2.7,0,0,12.501,2.078569439,634.4,0.018,0.554317621,29.3000892,29.40105374,8.636938347,4.114547643,0.973090972,2.491140258,0.151701213,0,0,0.198102886,0.111312363,30.03965382
EXP2,Light,Control,2-CON-D2-3,2,260.17,2023,0.84,2251.2,19,0,7.991,10.2,452.5,454.0283863,1843.3,164.6,15.1,75.2,3.5,0,0,10.954,2.611698699,463.9,0.015,0.355171514,18.12566705,18.18812589,6.289921128,3.691871033,0.601148223,2.658645643,0.182637634,0,0,0.106841727,0.128109612,18.58317768
EXP2,Light,Control,2-CON-D4-1,4,237.475,1997,1.12,2253.2,19,0,8.045,9,390.8,392.1797143,1801.9,182.1,13,83.2,3.9,0,0,10.32,2.889370189,400.7,0.015,0.304567477,15.26495253,15.31755369,6.185895991,3.668022261,0.506143559,2.826618599,0.203934823,0,0,0.083390934,0.138962975,15.65025575
EXP2,Light,Control,2-CON-D4-2,4,268.896,1991,1.19,2246.7,19,0,8.045,9,389.6,390.9879628,1796.5,181.6,13,83.2,3.9,0,0,10.312,2.881436718,399.5,0.019,0.394117048,19.9641365,20.03293048,11.58521151,5.466587008,0.663367272,3.385028677,0.231309948,0,0,0.159899185,0.152175437,20.468052
EXP2,Light,Control,2-CON-D4-3,4,265.23,2018,0.79,2251.7,19,0,8.002,10,439.4,440.946876,1835.3,168,14.6,76.8,3.6,0,0,10.823,2.665646303,450.5,0.016,0.36532692,18.63292273,18.69712952,7.482400776,4.059437726,0.618293111,2.801258405,0.191773319,0,0,0.12143385,0.132842787,19.10323702
EXP2,Light,HCO3,2-HCO3-D0-1,0,216.717,2574,93.82,2743.7,19,0,7.816,15.3,881.4,884.4221909,2401.2,143.4,29.4,53.4,2.3,0,0,13.94,2.330913151,903.6,0.013,0.455165143,29.53397346,29.63574394,3.249922613,2.688359407,0.97747331,1.872951383,0.115108259,0,0,0.125678846,0.108200319,30.27944157
EXP2,Light,HCO3,2-HCO3-D0-2,0,nan,2569,107.48,2728.2,19,0,7.796,16,925,928.1548028,2401.5,136.7,30.8,51.2,2.2,0,0,14.227,2.220391394,948.3,0.031,1.157126571,74.87057927,75.12857417,19.25566912,8.355592548,2.492188788,3.474905681,0.182497919,0,0,0.436686638,0.160661251,76.76039031
EXP2,Light,HCO3,2-HCO3-D0-3,0,219.321,2566,94.18,2733.8,19,0,7.813,15.4,885.2,888.2892851,2394.5,142,29.5,53,2.3,0,0,13.974,2.308291441,907.6,0.022,0.777537738,50.16673039,50.33959883,12.21077944,5.776696273,1.667834705,2.661293428,0.148184636,0,0,0.287314473,0.133355603,51.43299067
EXP2,Light,HCO3,2-HCO3-D2-1,2,256.852,2485,91.65,2713.6,19,0,7.935,11.6,638,640.2025503,2284.4,179.3,21.3,67.5,3.1,0,0,12.214,2.912853315,654.1,0.015,0.393918593,24.59178568,24.67652598,6.01377619,3.659823252,0.815284243,2.455697496,0.159007689,0,0,0.114025802,0.137134624,25.21250785
EXP2,Light,HCO3,2-HCO3-D2-2,2,232.355,2502,87.09,2711.6,19,0,7.9,12.6,700.6,703.0447322,2311.5,167.2,23.3,63,2.8,0,0,12.707,2.716170608,718.3,0.026,0.755865532,48.03082806,48.19633644,17.88427215,7.898278609,1.598041952,3.529785353,0.202169799,0,0,0.328791669,0.168882594,49.24317595
EXP2,Light,HCO3,2-HCO3-D2-3,2,234.089,2506,92.35,2719.3,19,0,7.906,12.4,691.1,693.4914408,2313.2,169.7,23,63.8,2.9,0,0,12.627,2.756675275,708.6,0.018,0.503453067,31.89207715,32.00197336,9.721214189,4.804662888,1.058980489,2.634811163,0.161608645,0,0,0.184185995,0.13967832,32.69706624
EXP2,Light,HCO3,2-HCO3-D4-1,4,274.439,2451,90.17,2717.3,19,0,8.001,10,534.4,536.2130518,2229.3,203.9,17.8,76.7,3.6,0,0,11.342,3.311965923,547.9,0.033,0.752964588,47.10661761,47.26894128,27.03947889,12.02050956,1.56830985,5.057245173,0.303428223,0,0,0.381238827,0.234155441,48.29563748
EXP2,Light,HCO3,2-HCO3-D4-2,4,261.548,2462,91.97,2722.7,19,0,7.991,10.2,550.5,552.4407143,2243.3,200.4,18.3,75.2,3.5,0,0,11.478,3.255334443,564.4,0.014,0.327951005,20.0854317,20.15464365,4.34107881,3.379939622,0.665481151,2.59762395,0.176896381,0,0,0.073198461,0.149037144,20.59240882
EXP2,Light,HCO3,2-HCO3-D4-3,4,274.117,2449,86.47,2715.9,19,0,8.003,9.9,532.4,534.1976795,2227,204.2,17.7,76.9,3.6,0,0,11.326,3.316871052,545.8,0.014,0.320864912,19.52078187,19.5880481,4.46498665,3.43851349,0.646811009,2.649884562,0.1819191,0,0,0.071395168,0.151867643,20.01350664
EXP4,Light,Control,4-CON-D0-1,0,260.549,2096.073136,216.1015359,2239.8,19,0,7.805,15.7,737.5,740.0577899,1957.6,113.9,24.6,52.2,2.3,0,0,13.457,2.72,756.1,0.022,0.787570223,41.61738755,41.760796,10.02131789,4.756257078,1.383576146,2.57511447,0.144769641,0,0,0.278995239,0.16850946,42.66785355
EXP4,Light,Control,4-CON-D0-2,0,268.821,2085.325308,229.8500863,2244.8,19,0,7.843,14.4,670.2,672.4940283,1939.9,123.1,22.3,56.3,2.5,0,0,12.931,2.94,687.1,0.019,0.635878528,33.68143423,33.79749635,9.120668802,4.298878335,1.11903497,2.48566412,0.146449261,0,0,0.228162684,0.169199706,34.53158854
EXP4,Light,Control,4-CON-D0-3,0,257.792,2081.844959,232.4950073,2234,19,0,7.826,14.9,696,698.4053458,1940.1,118.5,23.2,54.4,2.4,0,0,13.146,2.83,713.6,0.019,0.642746153,33.95959841,34.07661905,8.497561592,4.057787359,1.128065873,2.368125776,0.138961905,0,0,0.224039007,0.161767401,34.81677388
EXP4,Light,Control,4-CON-D2-1,2,288.121,2066.262388,226.22457,2232.4,19,0,7.86,13.8,637.2,639.4073255,1918.4,126.6,21.2,58.2,2.6,0,0,12.672,3.03,653.3,0.028,0.893577201,47.00067485,47.16263345,15.78962171,6.745271792,1.564117414,3.491248042,0.194677621,0,0,0.363449318,0.212376483,48.18702061
EXP4,Light,Control,4-CON-D2-2,2,314.314,2045.559183,240.4073398,2245.61,19,0,7.934,11.6,526.7,528.5393928,1880.8,147.2,17.6,67.4,3,0,0,11.679,3.52,540,0.023,0.615566321,31.62519561,31.73417218,11.78980008,6.191013127,1.05168223,3.321044649,0.200891111,0,0,0.256288798,0.218500113,32.42344833
EXP4,Light,Control,4-CON-D2-3,2,288.121,2065.504049,224.7178549,2246.3,19,0,7.892,12.8,589.5,591.573194,1910.2,135.7,19.6,62,2.8,0,0,12.249,3.24,604.4,0.022,0.661962901,34.85167462,34.97176925,12.35507909,5.510752485,1.158899047,3.04120808,0.179504843,0,0,0.265647118,0.198245387,35.73136702
EXP4,Light,Control,4-CON-D4-1,4,377.728,2013.416634,227.755831,2246.95,19,0,8.002,9.9,438.1,439.5744264,1831.1,167.8,14.6,76.8,3.6,0,0,10.812,4.01,449.1,0.061,1.400797936,73.02451668,73.27615027,46.82707633,19.01280993,2.432925861,9.035247339,0.521618516,0,0,0.726575039,0.489884611,74.86773119
EXP4,Light,Control,4-CON-D4-2,4,370.835,2031.570866,222.36901,2232.64,19,0,7.938,11.5,518.2,520.035331,1866.9,147.4,17.3,67.9,3.1,0,0,11.611,3.52,531.3,0.055,1.466464716,76.58056063,76.84444791,37.95590114,15.45165938,2.551208252,7.406916993,0.408956476,0,0,0.708656871,0.402807651,78.51353337
EXP4,Light,Control,4-CON-D4-3,4,390.135,2004.727605,224.7685992,2243.52,19,0,8.013,9.7,424.7,426.1424893,1819.7,170.9,14.2,78.4,3.7,0,0,10.678,4.08,435.4,0.051,1.130555547,58.7022534,58.90453422,38.87941728,15.8571152,1.955511009,7.64810849,0.449702444,0,0,0.585641204,0.422404892,60.18395913
EXP4,Light,HCO3,4-HCO3-D0-1,0,256.414,2526.386323,201.1041644,2676.49,19,0,7.78,16.6,944,947.3004823,2365.1,129.9,31.5,49.6,2.1,0,0,14.392,3.1,967.9,0.02,0.773801725,49.21517238,49.38476187,10.47572539,4.886333689,1.635483378,2.355932507,0.130686253,0,0,0.267261907,0.183735946,50.45741435
EXP4,Light,HCO3,4-HCO3-D0-2,0,267.442,2531.266953,183.1736873,2678.39,19,0,7.773,16.9,961.3,964.6599752,2371,128.2,32,48.9,2.1,0,0,14.492,3.06,985.6,0.022,0.862831359,54.93580326,55.12510535,11.87143579,5.405231605,1.826459208,2.501826337,0.136125225,0,0,0.29921248,0.190493575,56.32243988
EXP4,Light,HCO3,4-HCO3-D0-3,0,271.578,2526.423101,191.1388779,2682.95,19,0,7.794,16.1,913.8,916.9900078,2362.1,133.8,30.5,51,2.2,0,0,14.203,3.2,936.9,0.025,0.90968474,57.9886854,58.18850735,14.18433206,6.23714028,1.928821678,2.809238355,0.152203002,0,0,0.332332418,0.208770296,59.45237993
EXP4,Light,HCO3,4-HCO3-D2-1,2,301.907,2485.5216,183.4912236,2668.59,19,0,7.851,14.1,782.8,785.4523612,2310,149.4,26.1,57.2,2.5,0,0,13.353,3.57,802.5,0.02,0.637480768,40.07643831,40.21453683,10.96923752,5.154627255,1.33165202,2.60177097,0.151259409,0,0,0.238272993,0.204484936,41.08800916
EXP4,Light,HCO3,4-HCO3-D2-2,2,306.042,2477.806603,177.9783927,2679.45,19,0,7.887,13,714.6,717.1044519,2292.8,161.2,23.8,61.5,2.7,0,0,12.845,3.85,732.7,0.025,0.744489542,46.21065564,46.36989193,14.74972176,7.454088241,1.537169481,3.336303362,0.190851429,0,0,0.312225628,0.25049038,47.37706049
EXP4,Light,HCO3,4-HCO3-D2-3,2,nan,2523.921827,193.7659836,2675.39,19,0,7.783,16.5,936.1,939.3524112,2362.1,130.6,31.2,49.9,2.2,0,0,14.346,3.12,959.8,0.077,2.937520979,186.4797911,187.1223778,48.8038157,20.44220372,6.21338161,7.954571662,0.393237695,0,0,1.109108559,0.508892951,191.1867344
EXP4,Light,HCO3,4-HCO3-D4-1,4,366.699,2451.278458,184.8857326,2656.1,19,0,7.896,12.7,692.2,694.6050918,2265.7,162.5,23.1,62.6,2.8,0,0,12.696,3.88,709.7,0.062,1.820890725,113.6443373,114.0359418,46.53370389,19.65563739,3.786206133,7.799809304,0.415323948,0,0,0.86205658,0.502119769,116.5128382
EXP4,Light,HCO3,4-HCO3-D4-2,4,nan,2453.864493,179.2282964,2671.15,19,0,7.919,12.1,656,658.2726498,2261.2,170.8,21.9,65.4,2.9,0,0,12.398,4.08,672.6,0.06,1.660522755,104.0966841,104.4553886,46.75751883,19.62047323,3.468044091,7.779855721,0.421273551,0,0,0.812412859,0.504612562,106.7241923
EXP4,Light,HCO3,4-HCO3-D4-3,4,347.399,2362.420058,187.7331042,2596.16,19,0,7.958,11,573.4,575.3648861,2164.3,179.1,19.1,70.6,3.2,0,0,11.783,4.28,587.9,0.064,1.630531894,98.90901667,99.24984509,52.31795641,21.80945152,3.295368803,8.879653834,0.493473477,0,0,0.836295571,0.556640763,101.4055828
EXP6,Light,Control,6-CON-D0-1,0,281.673,2089.366468,73.81741376,2241.06,16,0,7.869,13.5,623.3,625.5733841,1949.4,117.3,22.7,55.1,2,0,0,13.285,1.86119233,636.8,0.027,0.847175445,43.91170455,44.06884045,13.65070019,6.089725749,1.594179395,3.258168275,0.160986279,0,0,0.357198676,0.123155348,44.85784081
EXP6,Light,Control,6-CON-D0-2,0,234.728,2095.567717,83.98111348,2237.89,16,0,7.846,14.3,660.6,662.9255048,1959.7,111.9,24,52.6,1.9,0,0,13.612,1.775510841,674.8,0.017,0.570786365,29.64694887,29.75303903,6.520794435,3.469523122,1.07424814,2.205160261,0.123477517,0,0,0.200044302,0.093190038,30.28573193
EXP6,Light,Control,6-CON-D0-3,0,269.937,2096.355199,74.41899736,2240.88,16,0,7.851,14.1,652.6,654.9205224,1959.4,113.2,23.7,53.2,1.9,0,0,13.541,1.796137866,666.6,0.016,0.51692746,26.84841341,26.94448914,5.24192201,3.112948248,0.972246276,2.096224773,0.121254839,0,0,0.170505273,0.090951287,27.42689829
EXP6,Light,Control,6-CON-D2-1,2,nan,2060.647774,78.13821873,2243.28,16,0,7.941,11.5,516.2,518.0271316,1906.4,135.5,18.8,63.6,2.3,0,0,12.26,2.149970679,527.3,0.048,1.269416945,64.25388149,64.48381087,26.34509345,12.90059454,2.334757146,6.17150359,0.285043224,0,0,0.635865884,0.218593669,65.63831708
EXP6,Light,Control,6-CON-D2-2,2,286.074,2066.583448,79.67845113,2236.44,16,0,7.912,12.2,554.6,556.6199441,1918.7,127.7,20.2,60.1,2.2,0,0,12.649,2.026208529,566.6,0.043,1.215915763,62.86928758,63.09426226,25.79255091,10.63957512,2.284249347,5.317180791,0.244839744,0,0,0.587050319,0.185176334,64.22389025
EXP6,Light,Control,6-CON-D2-3,2,267.003,2068.997703,77.9611714,2244.38,16,0,7.924,11.9,539.6,541.5093815,1918.2,131.2,19.6,61.6,2.2,0,0,12.493,2.081742827,551.2,0.022,0.606791645,31.28257776,31.39452094,11.28000437,5.181498039,1.1349817,3.016672331,0.163887446,0,0,0.257370228,0.1198775,31.95660263
EXP6,Light,Control,6-CON-D4-1,4,333.02,2032.553719,75.86714082,2232.94,16,0,7.981,10.4,461.4,463.071149,1870,145.8,16.8,68.8,2.6,0,0,11.695,2.313400185,471.4,0.039,0.926100059,47.38787418,47.55744937,25.2125929,10.45981782,1.721569008,5.34352743,0.262944174,0,0,0.482613683,0.18897309,48.40890914
EXP6,Light,Control,6-CON-D4-2,4,334.487,2050.61991,89.34643109,2238.24,16,0,7.953,11.2,499.2,500.9674189,1894.2,138.3,18.1,65.1,2.4,0,0,12.09,2.194398117,509.9,0.054,1.374430916,70.87097113,71.12457944,34.75403024,14.18140555,2.575447426,6.962046815,0.319969833,0,0,0.714154774,0.237308804,72.39798075
EXP6,Light,Control,6-CON-D4-3,4,nan,2028.631136,76.34667164,2233.87,16,0,7.991,10.2,449.1,450.7225714,1863.5,148.8,16.3,70.2,2.6,0,0,11.561,2.361001011,458.8,0.038,0.896236649,45.79269268,45.9565596,25.29027852,10.52519336,1.663602311,5.384043684,0.267387807,0,0,0.471264959,0.190898507,46.77935734
EXP6,Light,CaO,6-CaO-D0-1,0,261.134,2062.042019,78.61500472,3174.53,16,0,8.913,1.2,35.7,35.78179908,1236.2,824.6,1.3,267.4,21.8,0,0,7.496,13.77185583,36.4,0.02,0.05517227,1.972361161,1.979419159,17.78086039,9.841929475,0.071546802,6.823968926,1.491974913,0,0,0.042296139,0.583662203,2.014858313
EXP6,Light,CaO,6-CaO-D0-2,0,271.404,2046.92285,81.36261182,3163.38,16,0,8.92,1.2,34.6,34.72337783,1219.2,826.5,1.3,269,22.2,0,0,7.508,13.80144421,35.3,0.018,0.048762437,1.554675192,1.560238521,9.014136114,7.753052715,0.056333602,6.520271071,1.450233955,0,0,0.038605432,0.577482802,1.588172743
EXP6,Light,CaO,6-CaO-D0-3,0,255.266,2049.293296,84.4618901,3151.97,16,0,8.91,1.2,35.8,35.94290609,1232.3,815.7,1.3,266.6,21.7,0,0,7.479,13.62368918,36.6,0.018,0.050027684,1.622744438,1.62855135,9.657645843,7.590477459,0.058803222,6.510510014,1.41777366,0,0,0.037592443,0.569756139,1.657708632
EXP6,Light,CaO,6-CaO-D4-4,2,269.937,2039.582681,84.3517828,3136.14,16,0,8.908,1.2,35.8,35.95676584,1228.2,810.1,1.3,266.2,21.6,0,0,7.468,13.51933112,36.6,0.025,0.070223428,2.813756317,2.823825207,31.44060054,14.61443944,0.102177256,7.673606447,1.652657169,0,0,0.052948047,0.597544478,2.874382451
EXP6,Light,CaO,6-CaO-D2-2,2,220.057,2043.883306,116.5297529,3119.47,16,0,8.892,1.3,37.8,37.93406874,1248.8,793.7,1.4,262.4,20.8,0,0,7.428,13.23627526,38.6,0.018,0.052496893,1.74394402,1.750184639,10.53803842,7.752914991,0.063202248,6.501792016,1.366323476,0,0,0.036459015,0.555581845,1.78151962
EXP6,Light,CaO,6-CaO-D2-3,2,218.59,2045.008371,77.56051556,3126.02,16,0,8.896,1.3,37.4,37.52879861,1245.5,798.1,1.4,263.3,21,0,0,7.438,13.31015246,38.2,0.018,0.0537978,1.822672399,1.829194743,12.35921261,8.969384039,0.066076437,6.599426811,1.395220465,0,0,0.038335475,0.56279074,1.861944307
EXP6,Light,CaO,6-CaO-D4-1,4,247.931,2038.005192,90.06753432,3143.03,16,0,8.915,1.2,35.1,35.1938972,1220.1,816.7,1.3,267.7,21.9,0,0,7.486,13.62207165,35.8,0.025,0.068850998,2.738830446,2.748631218,31.11038378,14.49570944,0.099455273,7.652142122,1.672327262,0,0,0.054269188,0.60105574,2.797842202
EXP6,Light,CaO,6-CaO-D4-2,4,275.805,2059.95552,75.32215778,3150.88,16,0,8.899,1.3,37.3,37.45572396,1251.4,807.2,1.4,264,21.1,0,0,7.455,13.46641572,38.1,0.033,0.09723695,4.270032843,4.285312948,50.53609774,22.18443065,0.155145869,9.355941386,1.953672776,0,0,0.068034761,0.64849242,4.362036397
EXP6,Light,CaO,6-CaO-D4-3,4,253.799,2045.878788,67.61012388,3153.01,16,0,8.914,1.2,35.3,35.41340667,1225.6,819,1.3,267.6,21.9,0,0,7.488,13.66643268,36,0.024,0.0672433,2.659860388,2.669378569,29.7301717,13.99050312,0.096580083,7.546169622,1.646853357,0,0,0.052623836,0.599713142,2.717170629
EXP7,Light,Control,7-CON-D0-1,0,297.811,2120.983774,108.6427128,2230.95,16,0,7.761,17.3,817.6,820.5021979,1997.4,93.9,29.7,44.3,1.5,0,0,14.807,1.48990588,835.2,0.034,1.357120328,70.72181933,70.97489391,15.1778155,6.493633409,2.568628994,3.286613756,0.145172524,0,0,0.467415923,0.118547597,72.24561527
EXP7,Light,Control,7-CON-D0-2,0,nan,2129.531945,109.7386801,nan,nan,nan,nan,nan,nan,nan,nan,nan,nan,nan,nan,nan,nan,nan,nan,nan,0.01,969.5056448,422.6488113,424.1612394,1.297050247,7.65E-05,13.44050467,0.000916838,3.88E-05,0,0,0.000640375,1.44E-06,431.7553437
EXP7,Light,Control,7-CON-D0-3,0,294.876,2122.386699,103.666195,2228.88,16,0,7.752,17.7,836.6,839.5946463,2000,92,30.4,43.4,1.5,0,0,14.933,1.45975869,854.6,0.036,1.448164146,75.52029737,75.79054307,15.83438734,6.666527533,2.743104748,3.359374492,0.146410265,0,0,0.486244076,0.120103526,77.14748292
EXP7,Light,Control,7-CON-D2-1,2,277.272,2149.011365,100.6688639,2241.57,16,0,7.712,19.4,931.5,934.8205187,2030,85.1,33.9,39.9,1.4,0,0,15.488,1.350276788,951.6,0.073,3.274453173,171.9302503,172.5454943,31.94082539,12.97786011,6.248755604,6.190819188,0.242313958,0,0,0.946299786,0.207515674,175.6347168
EXP7,Light,Control,7-CON-D2-2,2,261.134,2149.80947,106.4578131,2243.18,16,0,7.714,19.3,927,930.2830741,2030.5,85.6,33.7,40.1,1.4,0,0,15.462,1.358210259,946.9,0.126,5.623201129,295.3472723,296.4041581,55.76228344,22.53776198,10.73566641,10.64198063,0.407767794,0,0,1.632222655,0.350830005,301.7109233
EXP7,Light,Control,7-CON-D2-3,2,272.871,2117.096591,107.743886,2235.54,16,0,7.784,16.4,773.4,776.172451,1990.4,98.6,28.1,46.4,1.6,0,0,14.497,1.564480509,790.1,0.044,1.664847053,86.91733417,87.22836361,21.23217684,8.780014104,3.157966904,4.332665969,0.184854768,0,0,0.614908472,0.150666124,88.79008408
EXP7,Light,Control,7-CON-D4-1,4,297.811,2105.437797,114.0813687,2240.53,16,0,7.827,14.9,693.9,696.348666,1972.3,107.9,25.2,50.7,1.8,0,0,13.885,1.712043072,708.8,0.037,1.2788461,66.62380105,66.86221107,18.85991978,7.996056993,2.420182999,4.016297148,0.180245393,0,0,0.52042174,0.143180207,68.05929972
EXP7,Light,Control,7-CON-D4-2,4,297.811,2090.939789,118.5202613,2238.22,16,0,7.858,13.9,639.9,642.1729461,1953,114.7,23.3,53.9,1.9,0,0,13.433,1.81993828,653.7,0.033,1.057037841,54.94887777,55.14550965,17.46640978,7.382685733,1.995727576,3.802344954,0.177953996,0,0,0.45264802,0.137795265,56.13282464
EXP7,Light,Control,7-CON-D4-3,4,303.679,2099.068295,108.655022,2240.41,16,0,7.843,14.4,666,668.3484301,1963.5,111.4,24.2,52.3,1.9,0,0,13.655,1.76757737,680.3,0.034,1.117722115,58.24011041,58.4485198,17.49206538,7.381164353,2.115330715,3.776716122,0.174417338,0,0,0.466406225,0.136502702,59.49497128
EXP7,Light,CaO,7-CaO-D0-1,0,280.206,2079.586496,112.617372,2783.38,16,0,8.598,2.5,93.6,93.885431,1569.6,506.6,3.4,190,10.6,0,0,7.344,8.247348164,95.6,0.022,0.129676161,6.08187254,6.103636224,24.50242938,11.52512902,0.22074727,6.636845786,0.772731097,0,0,0.043487259,0.3889447,6.212914597
EXP7,Light,CaO,7-CaO-D0-2,0,284.607,2090.770302,112.990345,2760.16,16,0,8.566,2.7,103.1,103.4643809,1605.8,481.2,3.7,182.1,9.8,0,0,7.419,7.834180386,105.3,0.02,0.125727137,5.809833387,5.830623592,18.93907941,9.418585103,0.21076622,6.072991387,0.683341362,0,0,0.040790086,0.359369235,5.935013997
EXP7,Light,CaO,7-CaO-D0-3,0,312.481,2085.230541,119.4979232,2755.09,16,0,8.567,2.7,102.4,102.7431778,1600.3,481.2,3.7,182.5,9.8,0,0,7.412,7.834101242,104.6,0.021,0.13328831,6.263416658,6.285829989,21.97845941,10.54165193,0.227291498,6.330721786,0.705369588,0,0,0.045955055,0.366664221,6.398370325
EXP7,Light,CaO,7-CaO-D2-1,2,255.266,2109.055824,102.8567436,2761.21,16,0,8.547,2.8,109.7,110.1121217,1635.8,469.2,4,177.5,9.4,0,0,7.48,7.636258938,112.1,0.02,0.131394641,6.167425087,6.189494916,18.79064735,9.388743087,0.22373642,6.002813242,0.654420481,0,0,0.043747202,0.35169566,6.300310488
EXP7,Light,CaO,7-CaO-D2-2,2,269.937,2076.8863,116.563052,2733.09,16,0,8.557,2.8,105,105.4056657,1602.6,470.5,3.8,180,9.6,0,0,7.431,7.654844224,107.3,0.02,0.127595199,5.866995317,5.887990073,18.41372904,9.259737422,0.212832184,6.010292428,0.667749925,0,0,0.041634113,0.351661843,5.993407557
EXP7,Light,CaO,7-CaO-D2-3,2,nan,2078.588173,102.9229594,2739.09,16,0,8.56,2.8,104.1,104.453398,1601,473.8,3.8,180.8,9.7,0,0,7.423,7.707996565,106.3,0.021,0.130530963,6.064018735,6.08571853,20.05501582,9.8052117,0.22001642,6.147330272,0.682436451,0,0,0.04396064,0.357197454,6.194676108
EXP7,Light,CaO,7-CaO-D4-1,4,287.541,2074.771651,106.9281483,2739.49,16,0,8.565,2.7,102.6,102.9348374,1594.3,476.8,3.7,181.9,9.8,0,0,7.41,7.758665518,104.8,0.03,0.185485871,9.294422711,9.327682349,38.34530862,16.73010759,0.337601025,8.034804917,0.83915079,0,0,0.077124753,0.414961266,9.494683447
EXP7,Light,CaO,7-CaO-D4-2,4,nan,2075.42823,113.5492,2743.5,16,0,8.568,2.7,101.8,102.143447,1592.4,479.3,3.7,182.6,9.8,0,0,7.404,7.79925175,104,0.021,0.12964317,6.013396898,6.034915545,20.57972275,10.03729596,0.218191253,6.217261863,0.697255243,0,0,0.043553606,0.362126999,6.142963556
EXP7,Light,CaO,7-CaO-D4-3,4,299.278,2065.173288,114.8269075,2734.22,16,0,8.571,2.7,100.4,100.7889627,1582,479.5,3.7,183.3,9.9,0,0,7.389,7.801958565,102.6,0.022,0.137650741,6.458028037,6.481137775,23.53005773,11.33815852,0.234392227,6.513325295,0.72457724,0,0,0.048470223,0.37114944,6.597174866
EXP8,Light,Control,8-CON-D0-1,0,241.071,2177.196365,112.8946649,2254.29,14.5,0,7.687,20.5,991.1,994.7411745,2062.3,77.2,37.7,36.5,1.1,0,0,16.166,1.224927944,1010.9,0.047,2.212759332,115.8383727,116.26087,18.37636123,7.614715931,4.403797977,3.719346925,0.138675991,0,0,0.571568776,0.127649246,118.1479416
EXP8,Light,Control,8-CON-D0-2,0,234.156,2158.207701,113.7032207,2257.99,14.5,0,7.753,17.7,842.2,845.2939179,2037.5,88.7,32,41.9,1.3,0,0,15.347,1.40739778,859,0.033,1.348177773,70.55384074,70.81117176,14.10774388,6.024767569,2.681128002,3.065154638,0.127245887,0,0,0.454005828,0.110006157,71.9605331
EXP8,Light,Control,8-CON-D0-3,0,233.184,2199.889787,117.0541447,2255.1,14.5,0,7.621,23.9,1169.8,1174.048112,2088.3,67.1,44.5,31.7,1,0,0,16.839,1.064671827,1193.1,0.108,5.941155819,311.6452096,312.7818732,38.18284853,15.43510222,11.85187844,7.33733637,0.245497693,0,0,0.948862205,0.240321369,317.8587471
EXP8,Light,Control,8-CON-D2-1,2,265.195,2257.209046,105.2160122,2253.53,14.5,0,7.434,36.8,1845,1851.680743,2142.3,44.7,70.2,21.2,0.6,0,0,17.287,0.70925232,1881.7,0.054,4.605205149,241.4664276,242.3471281,13.34755171,5.470799376,9.180572821,2.594638973,0.08704906,0,0,0.402249062,0.088976455,246.2807506
EXP8,Light,Control,8-CON-D2-2,2,268.226,2247.200028,104.8132049,2251.9,14.5,0,7.461,34.6,1728.6,1734.925183,2134.1,47.4,65.7,22.4,0.7,0,0,17.373,0.752093064,1763.1,0.033,2.609678373,135.936206,136.4320061,8.401463362,3.621708853,5.165146573,1.731678441,0.064539431,0,0,0.340092567,0.06402526,138.6464825
EXP8,Light,Control,8-CON-D2-3,2,262.164,2249.136925,106.3798392,2247.21,14.5,0,7.439,36.4,1816.1,1822.740454,2134.9,45.1,69.1,21.4,0.6,0,0,17.302,0.715599097,1852.3,0.031,2.5950205,134.6052049,135.0961504,7.652859849,3.321459668,5.113957043,1.584258257,0.059516625,0,0,0.350346652,0.059298422,137.2889442
EXP8,Light,Control,8-CON-D4-1,4,nan,2194.280098,108.8016518,2250.85,14.5,0,7.625,23.7,1155,1159.219182,2082.8,67.6,43.9,32,1,0,0,16.795,1.072605298,1178,0.192,10.50097067,549.7860303,551.7912649,68.84450862,27.70181135,20.90957795,13.15227903,0.43393149,0,0,1.694329392,0.425986219,560.7475854
EXP8,Light,Control,8-CON-D4-2,4,292.472,2146.904203,108.8953472,2249.29,14.5,0,7.761,17.4,822.2,825.2086458,2025.9,89.8,31.3,42.6,1.3,0,0,15.225,1.424851417,838.6,0.037,1.488400572,77.03136547,77.31232197,15.36075797,6.919977818,2.927776485,3.454505092,0.139637043,0,0,0.509680375,0.122073653,78.56720579
EXP8,Light,Control,8-CON-D4-3,4,289.441,2169.971697,104.6519525,2258.63,14.5,0,7.721,19,912.7,916.077478,2052.3,83,34.7,39.2,1.2,0,0,15.765,1.316956209,930.9,0.03,1.330084041,69.71154712,69.96580605,12.09550522,5.240183499,2.648666141,2.680357968,0.112397038,0,0,0.409803117,0.097919659,71.10144595
EXP8,Light,CaO,8-CaO-D0-1,0,239.531,2133.26654,118.8231432,2878.35,14.5,0,8.646,2.3,84,84.30093087,1589.2,540.8,3.2,197.3,10.2,0,0,7.354,8.781963327,85.7,0.02,0.102732524,4.481562039,4.49790764,16.00115413,8.829042175,0.170093985,6.280954342,0.769750955,0,0,0.029352994,0.390938149,4.57091478
EXP8,Light,CaO,8-CaO-D0-2,0,244.822,2127.983332,112.5516354,2864.07,14.5,0,8.64,2.3,85.3,85.64552015,1591.1,533.6,3.2,195.7,10,0,0,7.36,8.665249667,87,0.019,0.100851355,4.322064101,4.337827965,13.57985822,8.169332377,0.164002846,6.13444654,0.749789076,0,0,0.027658989,0.382935405,4.408236795
EXP8,Light,CaO,8-CaO-D0-3,0,nan,2148.458381,106.1195672,2865.62,14.5,0,8.62,2.4,91.2,91.5812988,1624.7,520.3,3.5,190.7,9.6,0,0,7.408,8.449849102,93.1,0.022,0.119752177,5.556380463,5.57664625,21.54397263,10.63469321,0.210989893,6.566077361,0.750883923,0,0,0.038859579,0.388611251,5.66716278
EXP8,Light,CaO,8-CaO-D2-1,2,260.649,2125.041247,108.5246147,2853.34,14.5,0,8.634,2.3,86.7,86.98800593,1594.3,527.5,3.3,194.2,9.9,0,0,7.367,8.563427373,88.4,0.02,0.105916272,4.643019808,4.659954294,16.10708759,8.820943938,0.17622492,6.2443032,0.749098732,0,0,0.030594954,0.382393203,4.735591671
EXP8,Light,CaO,8-CaO-D2-2,2,260.649,2128.867082,112.3632534,2850.42,14.5,0,8.627,2.4,88.4,88.7721574,1603,522.5,3.4,192.6,9.8,0,0,7.381,8.4798857,90.2,0.02,0.110636171,4.929064681,4.947042459,17.56246367,9.508703762,0.187111064,6.334084412,0.746017727,0,0,0.033005837,0.383121865,5.027339666
EXP8,Light,CaO,8-CaO-D2-3,2,nan,2139.118402,113.3252668,2836.73,14.5,0,8.605,2.5,94.7,95.09094278,1630.7,504.8,3.6,187.1,9.3,0,0,7.432,8.191997371,96.6,0.019,0.107989275,4.724574764,4.741806706,12.9451275,7.780841942,0.179263186,5.968444368,0.689781429,0,0,0.029111716,0.362530973,4.818772659
EXP8,Light,CaO,8-CaO-D4-1,4,292.472,2161.721418,114.3355382,2812.63,14.5,0,8.56,2.8,108.8,109.1885296,1687,470.5,4.1,176.2,8.3,0,0,7.56,7.636095043,111,0.024,0.151542981,7.413222227,7.440260473,25.26528147,12.51291596,0.281589534,6.775627799,0.68237662,0,0,0.059900032,0.372142945,7.561025989
EXP8,Light,CaO,8-CaO-D4-2,4,nan,2135.858909,112.9179411,2821.87,14.5,0,8.595,2.5,97.1,97.50067133,1636.4,495.8,3.7,184.9,9.1,0,0,7.45,8.047608741,99.1,0.022,0.125719311,5.851494851,5.872837008,20.86205767,10.31916528,0.22218832,6.441782845,0.708636966,0,0,0.042373154,0.371491462,5.968161116
EXP8,Light,CaO,8-CaO-D4-3,4,278.833,2129.76602,107.4144069,2855.16,14.5,0,8.63,2.3,87.7,88.03798626,1600.9,525.5,3.3,193.4,9.8,0,0,7.376,8.529297684,89.5,0.022,0.119203137,5.500599094,5.520661429,22.6790892,11.0482522,0.208890781,6.687394035,0.775863678,0,0,0.038675769,0.394493642,5.61026925
